{"MVN_raw": [61084.09041196972, 60.00362612838043, 10.864926851909654], "MVN_reduced": [47015.0397564417, 30.055059629424974, 7.5791527721495076], "GM_raw": [11093.709177394421, 59.96448426648235, 10.784556397357196], "GM_reduced": [7654.370645083787, 29.976993741124996, 7.499518210263499], "Vines_raw": [18594.60401707009, 328.83417318018155, 10.125259986113587], "Vines_reduced": [10337.20385332994, 76.72852480100468, 7.274492471035501]}