{"MVN_raw": [61178.30201811782, 60.000635726534604, 10.864821434952292], "MVN_reduced": [47332.59438142815, 34.41678462089916, 12.700828078599761], "GM_raw": [11564.296236698683, 59.78776294398959, 10.789795105968635], "GM_reduced": [7404.061489430264, 34.445612065143926, 12.683910931466047], "Vines_raw": [18743.199396777567, 328.6718772137646, 10.122038700233203], "Vines_reduced": [10302.834056618314, 84.08505582999118, 12.573063150351294]}